{
    "6300256719": {
        "approved": true,
        "banned": false,
        "expires_at": "2027-08-28T12:49:16.061309",
        "username": "FK_KM",
        "full_name": "𝟑𝐀𝐒𝐅𝐎𝐑𝐀 ☛ 𓆩♛𓆪"
    },
    "5017286387": {
        "approved": true,
        "banned": false,
        "expires_at": "2025-03-11T16:53:11.520254",
        "username": "ELSAMAHY000",
        "full_name": "𝐒7𝐒 𝐄𝐋𝐒𝐀𝐌𝐀𝐇𝐘"
    },
    "1896077619": {
        "approved": true,
        "banned": false,
        "expires_at": null
    }
}