{
    "7871095882": {
        "name": "\u1949\u1946\u0192\u13a5\uaa96\u1952 \ud81a\udc49",
        "username": "zzyzy1"
    },
    "6300256719": {
        "name": "\ud835\udfd1\ud835\udc00\ud835\udc12\ud835\udc05\ud835\udc0e\ud835\udc11\ud835\udc00",
        "username": "FK_KM"
    },
    "6590420629": {
        "name": "\u0639\u0645\u0627\u062f \u0645\u062f\u0631\u064a\u062f\u064a",
        "username": "vwvxvwv"
    },
    "8017388392": {
        "name": "beiyin99",
        "username": "\u0644\u0627 \u064a\u0648\u062c\u062f"
    },
    "5017286387": {
        "name": "\ud835\udc127\ud835\udc12",
        "username": "ELSAMAHY000"
    },
    "6590159614": {
        "name": "\ud80c\udda9\u2e3c\u23e4\u035f\u035eABDO\u2e3c\ud80c\uddaa",
        "username": "x8xt8"
    },
    "7882706760": {
        "name": "G",
        "username": "Usuario171kkk"
    },
    "5748026357": {
        "name": "\ud83c\udd51\ud83c\udd5b\ud83c\udd50\ud83c\udd52\ud83c\udd5a \ud83c\udd52\ud83c\udd5b\ud83c\udd50\ud83c\udd61 \ud81a\udd1e",
        "username": "Black_Clar"
    },
    "7191137332": {
        "name": "'\ud80c\udf39 \u064e\u0650\u064e\u0650\ud835\udc09\ud835\udc0e\ud835\udc0a\ud835\udc04\ud835\udc11 \ud80c\udf3a'",
        "username": "VA7_JX"
    },
    "7646554800": {
        "name": "Leo",
        "username": "\u0644\u0627 \u064a\u0648\u062c\u062f"
    },
    "6816019943": {
        "name": "- \u0637\u0640\u064a\u0640\u0641",
        "username": "\u0644\u0627 \u064a\u0648\u062c\u062f"
    },
    "7445800040": {
        "name": "\ud835\udd97\ud835\udd8e\ud835\udd88\ud835\udd90 \ud81a\udccc",
        "username": "OZOOZOZ"
    },
    "7774659882": {
        "name": "Will come",
        "username": "\u0644\u0627 \u064a\u0648\u062c\u062f"
    },
    "5980609911": {
        "name": "\u0623\u062d\u0645\u062f",
        "username": "dddghjku"
    },
    "2064765005": {
        "name": "nunu",
        "username": "moult9ichrat"
    },
    "5103352770": {
        "name": "Dirar_Abdalla",
        "username": "\u0644\u0627 \u064a\u0648\u062c\u062f"
    },
    "7523610169": {
        "name": "\u25e6\u2022\u25cf\u25c9\ud835\udd4a\ud835\udd59\ud835\udd52\ud835\udd55\ud835\udd60\ud835\udd68\u25c9\u25cf\u2022\u25e6",
        "username": "Shadow_54321"
    },
    "5885682309": {
        "name": "\ud835\udd38\ud835\udd39\ud835\udd46\ud835\udd46\ud835\udd3b\ud835\udd3c\ud83e\udd0d\ud83e\udd0d",
        "username": "a_rix3"
    },
    "404918421": {
        "name": "\u064a\u064e\u0627\u0633\u0650\u0631 \u0639\u064e\u0645\u064e\u0627\u0631",
        "username": "its_Yaser"
    },
    "5466282583": {
        "name": "Paul",
        "username": "Meehdiu"
    },
    "8117606756": {
        "name": "M",
        "username": "Ssssssssssssswsssss"
    },
    "6273616598": {
        "name": "Abdulhakim",
        "username": "Abdulhakim_rahhal"
    },
    "5600413795": {
        "name": "\u3164\u3164 \u0627\u0644\u0642\u064a\u0627\u062f\u0647 \u062f\u064a\u0632\u0644 \u0645\u0635\u0631 \u0645\u0637\u0648\u0631 \u0628\u0631\u0645\u062c\u064a",
        "username": "Y_B_Y_J"
    },
    "6710731250": {
        "name": "\uff11\uff10:\uff14\uff11 \ud80c\udffa",
        "username": "kfk_4"
    },
    "7979057010": {
        "name": "Haiper\ud83d\ude0d\u2665",
        "username": "H_V_E8"
    },
    "6250938345": {
        "name": "Itachi",
        "username": "Itachin3156"
    },
    "1777649029": {
        "name": "\ud835\udc07\ud835\udc1e\ud835\udc2b\ud835\udc28\ud835\udc2c </>",
        "username": "mn_mn0101"
    },
    "5521908590": {
        "name": "ALONZO",
        "username": "P_5VN"
    },
    "6319347967": {
        "name": "Lord Lamba \ud83c\udfc6\ud83d\udd25\ud83c\udf32",
        "username": "LAMBA005"
    },
    "5955963998": {
        "name": "\ud835\udde1\ud835\udddc\ud835\udde1\ud835\udddd\ud835\uddd4 \ud81a\udc83",
        "username": "Sso0ng"
    },
    "7864443116": {
        "name": "Zoom",
        "username": "zoom_supportt"
    },
    "6024228647": {
        "name": "Liopar",
        "username": "\u0644\u0627 \u064a\u0648\u062c\u062f"
    },
    "7160284651": {
        "name": "\ud835\ude3d\ud835\ude50\ud835\ude47\ud835\ude47 \ud835\ude4a\ud835\ude52\ud835\ude49\ud835\ude40\ud835\ude4d",
        "username": "BULLCRASHDZ"
    },
    "6264668799": {
        "name": "\u1d0d\u1d0f\u029c\u1d27\u1d0d\u1d0d\u1d07\u1d05",
        "username": "KOK0KK"
    },
    "6734364449": {
        "name": "anes",
        "username": "\u0644\u0627 \u064a\u0648\u062c\u062f"
    },
    "1896510383": {
        "name": "\u0645\u062d\u0645\u062f",
        "username": "\u0644\u0627 \u064a\u0648\u062c\u062f"
    },
    "6405667782": {
        "name": "Rafik",
        "username": "R33_N"
    },
    "7164909129": {
        "name": "\ud835\udc0d\ud835\udc00\ud835\udc14\ud835\udc17\ud835\udc12\ud835\udc12\ud835\udc00\ud835\udc0c",
        "username": "NAUXSSAM"
    },
    "7384167134": {
        "name": "larry",
        "username": "Larry_lcf"
    },
    "5902803713": {
        "name": "Maro",
        "username": "T_R_C_5"
    },
    "6671170428": {
        "name": "RAFIK",
        "username": "vvvv_zv"
    },
    "6517651397": {
        "name": "hamdani",
        "username": "\u0644\u0627 \u064a\u0648\u062c\u062f"
    },
    "6453388205": {
        "name": "off",
        "username": "Drvwwv"
    },
    "7000415955": {
        "name": "mgheeeeyyy",
        "username": "MERYYY808"
    },
    "7744956724": {
        "name": "S7RAWI",
        "username": "S7RAWI_SUPPORT"
    },
    "6507747919": {
        "name": "Rayen",
        "username": "b12_is_here_no_one_here"
    },
    "1638274061": {
        "name": "Pyaracetamol",
        "username": "\u0644\u0627 \u064a\u0648\u062c\u062f"
    },
    "7268549394": {
        "name": "\uff36\uff25\uff2e\uff2f\uff2d \uff38\uff32\uff33",
        "username": "VENOM_XRS"
    },
    "7111494063": {
        "name": "\u0623\u0651\u0644\u064e\u0645\u064b\u0637\u0650\u0646\u0650\u0648\u064c\u062e\u0650\u0640",
        "username": "hb2008_p"
    },
    "5066274181": {
        "name": "tklex",
        "username": "tk7tf"
    },
    "6357241091": {
        "name": "\u3164\u3164\u3164\u3164",
        "username": "P_W_N0"
    }
}